app_id,app_name,platform,version_number,release_date,release_notes,source_type,confidence_level,update_category
instagram_ios,Instagram,iOS,428.2.0,2026-05-05,"Performance optimizations and stability improvements for a smoother, more reliable experience.",app_store_web,high,Bug fixes / performance improvements
instagram_ios,Instagram,iOS,428.1.0,2026-05-04,"Performance optimizations and stability improvements for a smoother, more reliable experience.",app_store_web,high,Bug fixes / performance improvements
instagram_ios,Instagram,iOS,426.0.0,2026-04-20,"Performance optimizations and stability improvements for a smoother, more reliable experience.",app_store_web,high,Bug fixes / performance improvements
instagram_ios,Instagram,iOS,425.0.0,2026-04-13,"Performance optimizations and stability improvements for a smoother, more reliable experience.",app_store_web,high,Bug fixes / performance improvements
instagram_ios,Instagram,iOS,424.1,2026-04-09,"Performance optimizations and stability improvements for a smoother, more reliable experience.",app_store_web,high,Bug fixes / performance improvements
instagram_ios,Instagram,iOS,424.0.0,2026-04-06,"Performance optimizations and stability improvements for a smoother, more reliable experience.",app_store_web,high,Bug fixes / performance improvements
instagram_ios,Instagram,iOS,423.1.0,2026-04-02,"Performance optimizations and stability improvements for a smoother, more reliable experience.",app_store_web,high,Bug fixes / performance improvements
instagram_ios,Instagram,iOS,423.0.0,2026-03-30,"Performance optimizations and stability improvements for a smoother, more reliable experience.",app_store_web,high,Bug fixes / performance improvements
instagram_ios,Instagram,iOS,422.1.0,2026-03-25,"Performance optimizations and stability improvements for a smoother, more reliable experience.",app_store_web,high,Bug fixes / performance improvements
instagram_ios,Instagram,iOS,422.0.0,2026-03-24,"Performance optimizations and stability improvements for a smoother, more reliable experience.",app_store_web,high,Bug fixes / performance improvements
instagram_ios,Instagram,iOS,421.1.0,2026-03-17,"Performance optimizations and stability improvements for a smoother, more reliable experience.",app_store_web,high,Bug fixes / performance improvements
instagram_ios,Instagram,iOS,421.0.0,2026-03-16,"Performance optimizations and stability improvements for a smoother, more reliable experience.",app_store_web,high,Bug fixes / performance improvements
instagram_ios,Instagram,iOS,420.0.0,2026-03-11,"Performance optimizations and stability improvements for a smoother, more reliable experience.",app_store_web,high,Bug fixes / performance improvements
instagram_ios,Instagram,iOS,419.0.0,2026-03-02,"Performance optimizations and stability improvements for a smoother, more reliable experience.",app_store_web,high,Bug fixes / performance improvements
instagram_ios,Instagram,iOS,418.2.0,2026-02-27,"Performance optimizations and stability improvements for a smoother, more reliable experience.",app_store_web,high,Bug fixes / performance improvements
instagram_ios,Instagram,iOS,418.1,2026-02-24,"Performance optimizations and stability improvements for a smoother, more reliable experience.",app_store_web,high,Bug fixes / performance improvements
instagram_ios,Instagram,iOS,418.0.0,2026-02-23,"Performance optimizations and stability improvements for a smoother, more reliable experience.",app_store_web,high,Bug fixes / performance improvements
instagram_ios,Instagram,iOS,417.1.0,2026-02-17,"Performance optimizations and stability improvements for a smoother, more reliable experience.",app_store_web,high,Bug fixes / performance improvements
instagram_ios,Instagram,iOS,417.0.0,2026-02-17,"Performance optimizations and stability improvements for a smoother, more reliable experience.",app_store_web,high,Bug fixes / performance improvements
instagram_ios,Instagram,iOS,416.1.0,2026-02-12,"Performance optimizations and stability improvements for a smoother, more reliable experience.",app_store_web,high,Bug fixes / performance improvements
instagram_ios,Instagram,iOS,416.0.0,2026-02-09,"Performance optimizations and stability improvements for a smoother, more reliable experience.",app_store_web,high,Bug fixes / performance improvements
instagram_ios,Instagram,iOS,415.1.0,2026-02-04,"Performance optimizations and stability improvements for a smoother, more reliable experience.",app_store_web,high,Bug fixes / performance improvements
instagram_ios,Instagram,iOS,415.0.0,2026-02-02,"Performance optimizations and stability improvements for a smoother, more reliable experience.",app_store_web,high,Bug fixes / performance improvements
instagram_ios,Instagram,iOS,414.0.0,2026-01-26,"Performance optimizations and stability improvements for a smoother, more reliable experience.",app_store_web,high,Bug fixes / performance improvements
instagram_ios,Instagram,iOS,413.0.0,2026-01-20,"Performance optimizations and stability improvements for a smoother, more reliable experience.",app_store_web,high,Bug fixes / performance improvements
instagram_android,Instagram,Android,,2026-05-04,Not available,play_store_snapshot,high,Other
instagram_android,Instagram,Android,,2021-11-04,"Instagram (from Facebook) allows you to create and share your photos, stories, and videos with the friends and followers you care about. Connect with friends, share what you're up to, or see what's new from others all over the world. Explore our community where you can feel free to be yourself and share everything from your daily moments to life's highlights. INSTA Reels bring you a new way to create and discover entertaining short videos. You can watch, like, comment, and share Reels videos in a dedicated space in Explore. *Watch & create short clips up to 15 seconds long with INSTA Reels. Add special effects, background music, face filters, emojis, and stickers to bring your ideas to life Upload your creative video clips and expand your audience with Explore Enjoy millions of entertaining, funny, and informative videos Watch & share any Instagram Reels video with your friends *Add photos and videos to your INSTA Story that disappear after 24 hours, and bring them to life with fun creative tools. Stories allow you to easily share moments or posts from your day with text, music, stickers, and GIFs to bring your Stories to life Share memes privately with your friends and have conversations Boomerangs loop any moment you capture for a fun mini-video while Superzoom lets you add special effects as the camera automatically zooms in Add polls to your Stories to get more interaction with friends and followers Choose specific Close Friends who can watch your video clips or make them public Pin your favorite memories to your profile to keep your Stories alive as Highlights * Message your friends in Direct Start fun conversations with one or more friends about what you see on Feed, Stories, and INSTA Reels. Video chat to connect no matter where you are Learn about what's trending from your favorite accounts and send them to friends Send messages to your friends, share posts privately, and receive chat notifications * Post photos and videos to your INSTA Feed Upload photos and videos directly from your phone library Share content with your followers instantly Post photos and videos to your feed that you want to show on your profile Post short videos or photo updates from moments in your life Receive notifications when someone likes or comments on your post *Search & Explore to Learn More About Your Interests * Follow your favorite bands, celebrities, actors, athletes, and singers for live updates * Watch skits, movie scenes, news updates, music performances, sports highlights, and more from your favorite pages * Check out IGTV for longer videos from your favorite INSTA creators. * Discover brands and connect with local small businesses * Shop for products that compliment your personal style.",wayback_snapshot,medium,Personalization / recommendations
tiktok_ios,TikTok,iOS,44.9.0,2026-04-27,We've made it even easier to shoot videos!,app_store_web,high,Other
tiktok_ios,TikTok,iOS,44.8.0,2026-04-21,Enjoy a better video browsing experience on our enhanced feed.,app_store_web,high,Other
tiktok_ios,TikTok,iOS,44.7.0,2026-04-15,Squashed bugs for better experience.,app_store_web,high,Bug fixes / performance improvements
tiktok_ios,TikTok,iOS,44.6.0,2026-04-07,Easily post videos and photos on TikTok with bug fixes and performance improvements.,app_store_web,high,Bug fixes / performance improvements
tiktok_ios,TikTok,iOS,44.5.0,2026-03-30,Sharing your favorite TikTok content with friends is now a lot easier.,app_store_web,high,Other
tiktok_ios,TikTok,iOS,44.4.0,2026-03-24,We've fixed some bugs and updated features to improve your experience on TikTok.,app_store_web,high,Bug fixes / performance improvements
tiktok_ios,TikTok,iOS,44.3.0,2026-03-17,We polish up TikTok to make creating and browsing on our app faster and better than ever.,app_store_web,high,Other
tiktok_ios,TikTok,iOS,44.2.0,2026-03-12,We've rolled out performance improvements and bug fixes. Thanks for using TikTok!,app_store_web,high,Bug fixes / performance improvements
tiktok_ios,TikTok,iOS,43.9.0,2026-02-24,Easily add a sound to your video.,app_store_web,high,Other
tiktok_ios,TikTok,iOS,43.8.0,2026-02-10,Add the latest stickers to your videos.,app_store_web,high,Other
tiktok_ios,TikTok,iOS,43.7.0,2026-02-03,We've made it even easier to shoot videos!,app_store_web,high,Other
tiktok_ios,TikTok,iOS,43.6.1,2026-01-28,Enjoy a better video browsing experience on our enhanced feed.,app_store_web,high,Other
tiktok_ios,TikTok,iOS,43.6.0,2026-01-27,Enjoy a better video browsing experience on our enhanced feed.,app_store_web,high,Other
tiktok_ios,TikTok,iOS,43.5.0,2026-01-20,Squashed bugs for better experience.,app_store_web,high,Bug fixes / performance improvements
tiktok_ios,TikTok,iOS,43.4.0,2026-01-12,Easily post videos and photos on TikTok with bug fixes and performance improvements.,app_store_web,high,Bug fixes / performance improvements
tiktok_ios,TikTok,iOS,43.1.0,2026-01-03,We polish up TikTok to make creating and browsing on our app faster and better than ever.,app_store_web,high,Other
tiktok_ios,TikTok,iOS,43.0.0,2025-12-16,We've rolled out performance improvements and bug fixes. Thanks for using TikTok!,app_store_web,high,Bug fixes / performance improvements
tiktok_ios,TikTok,iOS,42.9.0,2025-12-09,We've been working on making your experience on TikTok better with updates and bug fixes.,app_store_web,high,Bug fixes / performance improvements
tiktok_ios,TikTok,iOS,42.8.0,2025-12-02,Quickly find and tag your friends in comments.,app_store_web,high,Other
tiktok_ios,TikTok,iOS,42.7.0,2025-11-25,Easily add a sound to your video.,app_store_web,high,Other
tiktok_ios,TikTok,iOS,42.6.0,2025-11-18,Add the latest stickers to your videos.,app_store_web,high,Other
tiktok_ios,TikTok,iOS,42.5.0,2025-11-11,We've made it even easier to shoot videos!,app_store_web,high,Other
tiktok_ios,TikTok,iOS,42.4.0,2025-11-03,Enjoy a better video browsing experience on our enhanced feed.,app_store_web,high,Other
tiktok_ios,TikTok,iOS,42.3.0,2025-10-31,Quickly create videos with our latest tools and effects for creators.,app_store_web,high,Other
tiktok_ios,TikTok,iOS,42.2.0,2025-10-22,Easily post videos and photos on TikTok with bug fixes and performance improvements.,app_store_web,high,Bug fixes / performance improvements
tiktok_android,TikTok,Android,,2026-04-30,Not available,play_store_snapshot,high,Other
tiktok_android,TikTok,Android,,2019-03-13,"Update - it's finally fixed, yay!! Thank you :) -- I have a Samsung S6, and my app is up to date, however the mic icon and the duet layout icon on the duet screen have disappeared in the past couple weeks. I see that most people don't have this problem, so I'm wondering if these features are somehow no longer compatible with my phone/Android version? Do I need to get a new phone? lol, or can the app be modified for these features to work again with my phone model? If so, can you please fix this soon? I usually sing duets on TikTok, but haven't been because of this :(",wayback_snapshot,medium,Bug fixes / performance improvements
spotify_ios,Spotify,iOS,9.1.44,2026-04-29,"Weâ€™re always making changes and improvements to Spotify. To make sure you donâ€™t miss a thing, just keep your Updates turned on.",app_store_web,high,Other
spotify_ios,Spotify,iOS,9.1.42,2026-04-23,"Weâ€™re always making changes and improvements to Spotify. To make sure you donâ€™t miss a thing, just keep your Updates turned on.",app_store_web,high,Other
spotify_ios,Spotify,iOS,9.1.40,2026-04-21,"Weâ€™re always making changes and improvements to Spotify. To make sure you donâ€™t miss a thing, just keep your Updates turned on.",app_store_web,high,Other
spotify_ios,Spotify,iOS,9.1.36,2026-04-13,"Weâ€™re always making changes and improvements to Spotify. To make sure you donâ€™t miss a thing, just keep your Updates turned on.",app_store_web,high,Other
spotify_ios,Spotify,iOS,9.1.34,2026-04-07,"Weâ€™re always making changes and improvements to Spotify. To make sure you donâ€™t miss a thing, just keep your Updates turned on.",app_store_web,high,Other
spotify_ios,Spotify,iOS,9.1.32,2026-03-27,"Weâ€™re always making changes and improvements to Spotify. To make sure you donâ€™t miss a thing, just keep your Updates turned on.",app_store_web,high,Other
spotify_ios,Spotify,iOS,9.1.30,2026-03-25,"Weâ€™re always making changes and improvements to Spotify. To make sure you donâ€™t miss a thing, just keep your Updates turned on.",app_store_web,high,Other
spotify_ios,Spotify,iOS,9.1.28,2026-03-04,"Weâ€™re always making changes and improvements to Spotify. To make sure you donâ€™t miss a thing, just keep your Updates turned on.",app_store_web,high,Other
spotify_ios,Spotify,iOS,9.1.26,2026-03-02,"Weâ€™re always making changes and improvements to Spotify. To make sure you donâ€™t miss a thing, just keep your Updates turned on.",app_store_web,high,Other
spotify_ios,Spotify,iOS,9.1.24,2026-02-20,"Weâ€™re always making changes and improvements to Spotify. To make sure you donâ€™t miss a thing, just keep your Updates turned on.",app_store_web,high,Other
spotify_ios,Spotify,iOS,9.1.22,2026-02-11,"Weâ€™re always making changes and improvements to Spotify. To make sure you donâ€™t miss a thing, just keep your Updates turned on.",app_store_web,high,Other
spotify_ios,Spotify,iOS,9.1.20,2026-02-05,"Weâ€™re always making changes and improvements to Spotify. To make sure you donâ€™t miss a thing, just keep your Updates turned on.",app_store_web,high,Other
spotify_ios,Spotify,iOS,9.1.18,2026-01-30,"Weâ€™re always making changes and improvements to Spotify. To make sure you donâ€™t miss a thing, just keep your Updates turned on.",app_store_web,high,Other
spotify_ios,Spotify,iOS,9.1.16,2026-01-26,"Weâ€™re always making changes and improvements to Spotify. To make sure you donâ€™t miss a thing, just keep your Updates turned on.",app_store_web,high,Other
spotify_ios,Spotify,iOS,9.1.14,2026-01-15,"Weâ€™re always making changes and improvements to Spotify. To make sure you donâ€™t miss a thing, just keep your Updates turned on.",app_store_web,high,Other
spotify_ios,Spotify,iOS,9.1.12,2026-01-12,"Weâ€™re always making changes and improvements to Spotify. To make sure you donâ€™t miss a thing, just keep your Updates turned on.",app_store_web,high,Other
spotify_ios,Spotify,iOS,9.1.6,2025-12-17,"Weâ€™re always making changes and improvements to Spotify. To make sure you donâ€™t miss a thing, just keep your Updates turned on.",app_store_web,high,Other
spotify_ios,Spotify,iOS,9.1.4,2025-12-11,"Weâ€™re always making changes and improvements to Spotify. To make sure you donâ€™t miss a thing, just keep your Updates turned on.",app_store_web,high,Other
spotify_ios,Spotify,iOS,9.1.2,2025-12-04,"Weâ€™re always making changes and improvements to Spotify. To make sure you donâ€™t miss a thing, just keep your Updates turned on.",app_store_web,high,Other
spotify_ios,Spotify,iOS,9.1.0,2025-11-27,"Weâ€™re always making changes and improvements to Spotify. To make sure you donâ€™t miss a thing, just keep your Updates turned on.",app_store_web,high,Other
spotify_ios,Spotify,iOS,9.0.98,2025-11-20,"Weâ€™re always making changes and improvements to Spotify. To make sure you donâ€™t miss a thing, just keep your Updates turned on.",app_store_web,high,Other
spotify_ios,Spotify,iOS,9.0.96,2025-11-12,"Weâ€™re always making changes and improvements to Spotify. To make sure you donâ€™t miss a thing, just keep your Updates turned on.",app_store_web,high,Other
spotify_ios,Spotify,iOS,9.0.94,2025-11-06,"Weâ€™re always making changes and improvements to Spotify. To make sure you donâ€™t miss a thing, just keep your Updates turned on.",app_store_web,high,Other
spotify_ios,Spotify,iOS,9.0.91,2025-10-28,"Weâ€™re always making changes and improvements to Spotify. To make sure you donâ€™t miss a thing, just keep your Updates turned on.",app_store_web,high,Other
spotify_ios,Spotify,iOS,9.0.90,2025-10-22,"Weâ€™re always making changes and improvements to Spotify. To make sure you donâ€™t miss a thing, just keep your Updates turned on.",app_store_web,high,Other
spotify_android,Spotify,Android,,2026-05-04,Not available,play_store_snapshot,high,Other
netflix_ios,Netflix,iOS,18.30.0,2026-05-04,"We’re working on the app experience. You work on what, when, and how you watch next. That's equally as important. We know you have choices. In this release, we made gallery improvements so it’s easier to find the perfect thing to watch.",app_store_web,high,Other
netflix_ios,Netflix,iOS,18.29.0,2026-04-27,Get the best experience for enjoying recent hits and timeless classics with our latest Netflix update for your iPhone and iPad. No matter your mood—we’ve got options. In this version we made player improvements to make watching them even better.,app_store_web,high,Other
netflix_ios,Netflix,iOS,18.28.0,2026-04-20,"Get the best experience for enjoying recent hits and timeless classics with our latest Netflix update for your iPhone and iPad. We know you have choices. In this release, we made gallery improvements so it’s easier to find the perfect thing to watch.",app_store_web,high,Other
netflix_ios,Netflix,iOS,18.27.0,2026-04-13,"Get the best experience for enjoying recent hits and timeless classics with our latest Netflix update for your iPhone and iPad. And in this release, we fixed bugs and made performance improvements. Just for you.",app_store_web,high,Bug fixes / performance improvements
netflix_ios,Netflix,iOS,18.26.0,2026-04-06,Keep your app updated to get the latest Netflix experience on your iPhone and iPad. We want to help you find your next favorite show. This update’s playback improvements will help make it look even better too.,app_store_web,high,Other
netflix_ios,Netflix,iOS,18.25.0,2026-03-30,Keep your app updated to get the latest Netflix experience on your iPhone and iPad. No matter your mood—we’ve got options. In this version we made player improvements to make watching them even better.,app_store_web,high,Other
netflix_ios,Netflix,iOS,18.24.0,2026-03-23,"Keep your app updated to get the latest Netflix experience on your iPhone and iPad. We know you have choices. In this release, we made gallery improvements so it’s easier to find the perfect thing to watch.",app_store_web,high,Other
netflix_ios,Netflix,iOS,18.23.1,2026-03-17,"Keep your app updated to get the latest Netflix experience on your iPhone and iPad. And in this release, we fixed bugs and made performance improvements. Just for you.",app_store_web,high,Bug fixes / performance improvements
netflix_ios,Netflix,iOS,18.23.0,2026-03-16,"We’re working on the app experience. You work on what, when, and how you watch next. That's equally as important. We want to help you find your next favorite show. This update’s playback improvements will help make it look even better too.",app_store_web,high,Other
netflix_ios,Netflix,iOS,18.22.0,2026-03-09,Get the best experience for enjoying recent hits and timeless classics with our latest Netflix update for your iPhone and iPad. We want to help you find your next favorite show. This update’s playback improvements will help make it look even better too.,app_store_web,high,Other
netflix_ios,Netflix,iOS,18.21.0,2026-03-02,Get the best experience for enjoying recent hits and timeless classics with our latest Netflix update for your iPhone and iPad. No matter your mood—we’ve got options. In this version we made player improvements to make watching them even better.,app_store_web,high,Other
netflix_ios,Netflix,iOS,18.20.1,2026-02-24,"Get the best experience for enjoying recent hits and timeless classics with our latest Netflix update for your iPhone and iPad. We know you have choices. In this release, we made gallery improvements so it’s easier to find the perfect thing to watch.",app_store_web,high,Other
netflix_ios,Netflix,iOS,18.20.0,2026-02-23,"Get the best experience for enjoying recent hits and timeless classics with our latest Netflix update for your iPhone and iPad. And in this release, we fixed bugs and made performance improvements. Just for you.",app_store_web,high,Bug fixes / performance improvements
netflix_ios,Netflix,iOS,18.19.0,2026-02-16,Keep your app updated to get the latest Netflix experience on your iPhone and iPad. We want to help you find your next favorite show. This update’s playback improvements will help make it look even better too.,app_store_web,high,Other
netflix_ios,Netflix,iOS,18.18.0,2026-02-09,Keep your app updated to get the latest Netflix experience on your iPhone and iPad. No matter your mood—we’ve got options. In this version we made player improvements to make watching them even better.,app_store_web,high,Other
netflix_ios,Netflix,iOS,18.17.0,2026-02-02,"Keep your app updated to get the latest Netflix experience on your iPhone and iPad. We know you have choices. In this release, we made gallery improvements so it’s easier to find the perfect thing to watch.",app_store_web,high,Other
netflix_ios,Netflix,iOS,18.16.0,2026-01-26,"Keep your app updated to get the latest Netflix experience on your iPhone and iPad. And in this release, we fixed bugs and made performance improvements. Just for you.",app_store_web,high,Bug fixes / performance improvements
netflix_ios,Netflix,iOS,18.15.0,2026-01-19,"We’re working on the app experience. You work on what, when, and how you watch next. That's equally as important. We want to help you find your next favorite show. This update’s playback improvements will help make it look even better too.",app_store_web,high,Other
netflix_ios,Netflix,iOS,18.14.0,2026-01-12,"We’re working on the app experience. You work on what, when, and how you watch next. That's equally as important. We know you have choices. In this release, we made gallery improvements so it’s easier to find the perfect thing to watch.",app_store_web,high,Other
netflix_ios,Netflix,iOS,18.11.0,2026-01-05,Get the best experience for enjoying recent hits and timeless classics with our latest Netflix update for your iPhone and iPad. We want to help you find your next favorite show. This update’s playback improvements will help make it look even better too.,app_store_web,high,Other
netflix_ios,Netflix,iOS,18.10.0,2025-12-15,Get the best experience for enjoying recent hits and timeless classics with our latest Netflix update for your iPhone and iPad. No matter your mood—we’ve got options. In this version we made player improvements to make watching them even better.,app_store_web,high,Other
netflix_ios,Netflix,iOS,18.9.0,2025-12-08,"Get the best experience for enjoying recent hits and timeless classics with our latest Netflix update for your iPhone and iPad. We know you have choices. In this release, we made gallery improvements so it’s easier to find the perfect thing to watch.",app_store_web,high,Other
netflix_ios,Netflix,iOS,18.7.0,2025-12-01,"Get the best experience for enjoying recent hits and timeless classics with our latest Netflix update for your iPhone and iPad. And in this release, we fixed bugs and made performance improvements. Just for you.",app_store_web,high,Bug fixes / performance improvements
netflix_ios,Netflix,iOS,18.6.1,2025-11-18,Keep your app updated to get the latest Netflix experience on your iPhone and iPad. We want to help you find your next favorite show. This update’s playback improvements will help make it look even better too.,app_store_web,high,Other
netflix_ios,Netflix,iOS,18.6.0,2025-11-17,Keep your app updated to get the latest Netflix experience on your iPhone and iPad. No matter your mood—we’ve got options. In this version we made player improvements to make watching them even better.,app_store_web,high,Other
netflix_android,Netflix,Android,,2026-05-04,Not available,play_store_snapshot,high,Other
netflix_android,Netflix,Android,,2013-12-06,"Looking for the most talked about TV shows and movies from the around the world? They’re all on Netflix. We’ve got award-winning series, movies, documentaries, and stand-up specials. And with the mobile app, you get Netflix while you travel, commute, or just take a break. What you’ll love about Netflix: • We add TV shows and movies all the time. Browse new titles or search for your favorites, and stream videos right on your device. • The more you watch, the better Netflix gets at recommending TV shows and movies you’ll love. • Create up to five profiles for an account. Profiles give different members of your household their own personalized Netflix. • Enjoy a safe watching experience just for kids with family-friendly entertainment. • Preview quick videos of our series and movies and get notifications for new episodes and releases. • Save your data. Download titles to your mobile device and watch offline, wherever you are. For complete terms and conditions, please visit http://www.netflix.com/termsofuse For privacy statement, please visit http://www.netflix.com/privacy",wayback_snapshot,medium,Personalization / recommendations
amazon_shopping_ios,Amazon Shopping,iOS,27.9.0,2026-05-04,"Our new design provides easier access to the features you use most while on the go. This includes the homepage, account and order information, your cart and the ability to browse and discover Amazon departments, products, programs, and features.",app_store_web,high,UI / design changes
amazon_shopping_ios,Amazon Shopping,iOS,27.8.0,2026-04-20,"Our new design provides easier access to the features you use most while on the go. This includes the homepage, account and order information, your cart and the ability to browse and discover Amazon departments, products, programs, and features.",app_store_web,high,UI / design changes
amazon_shopping_ios,Amazon Shopping,iOS,27.7.0,2026-04-06,"Our new design provides easier access to the features you use most while on the go. This includes the homepage, account and order information, your cart and the ability to browse and discover Amazon departments, products, programs, and features.",app_store_web,high,UI / design changes
amazon_shopping_ios,Amazon Shopping,iOS,27.5.4,2026-04-01,"Our new design provides easier access to the features you use most while on the go. This includes the homepage, account and order information, your cart and the ability to browse and discover Amazon departments, products, programs, and features.",app_store_web,high,UI / design changes
amazon_shopping_ios,Amazon Shopping,iOS,27.5.0,2026-03-26,"Our new design provides easier access to the features you use most while on the go. This includes the homepage, account and order information, your cart and the ability to browse and discover Amazon departments, products, programs, and features. This update lets you connect your Apple Health data to your Amazon One Medical profile. This means: â€¢ Personalized health guidance â€” get insights from Health AI based on your actual sleep, activity, and heart rate data â€¢ Effortless tracking â€” your health data is automatically turned into actionable guidance by Health AI, no manual logging required. â€¢ Better care between visits â€” share daily vitals and trends with One Medical to help identify health issues early and take action sooner. Tap on medical care, then Health AI to get set up.",app_store_web,high,Privacy / data policy changes
amazon_shopping_ios,Amazon Shopping,iOS,27.4.0,2026-03-05,"Our new design provides easier access to the features you use most while on the go. This includes the homepage, account and order information, your cart and the ability to browse and discover Amazon departments, products, programs, and features.",app_store_web,high,UI / design changes
amazon_shopping_ios,Amazon Shopping,iOS,27.2,2026-01-30,"Our new design provides easier access to the features you use most while on the go. This includes the homepage, account and order information, your cart and the ability to browse and discover Amazon departments, products, programs, and features.",app_store_web,high,UI / design changes
amazon_shopping_ios,Amazon Shopping,iOS,27.1.0,2026-01-12,"Our new design provides easier access to the features you use most while on the go. This includes the homepage, account and order information, your cart and the ability to browse and discover Amazon departments, products, programs, and features.",app_store_web,high,UI / design changes
amazon_shopping_ios,Amazon Shopping,iOS,25.22.0,2025-12-02,"Our new design provides easier access to the features you use most while on the go. This includes the homepage, account and order information, your cart and the ability to browse and discover Amazon departments, products, programs, and features.",app_store_web,high,UI / design changes
amazon_shopping_ios,Amazon Shopping,iOS,25.20.4,2025-11-24,"Our new design provides easier access to the features you use most while on the go. This includes the homepage, account and order information, your cart and the ability to browse and discover Amazon departments, products, programs, and features.",app_store_web,high,UI / design changes
amazon_shopping_ios,Amazon Shopping,iOS,25.20.2,2025-11-14,"Our new design provides easier access to the features you use most while on the go. This includes the homepage, account and order information, your cart and the ability to browse and discover Amazon departments, products, programs, and features.",app_store_web,high,UI / design changes
amazon_shopping_ios,Amazon Shopping,iOS,25.20.0,2025-11-10,"Our new design provides easier access to the features you use most while on the go. This includes the homepage, account and order information, your cart and the ability to browse and discover Amazon departments, products, programs, and features.",app_store_web,high,UI / design changes
amazon_shopping_ios,Amazon Shopping,iOS,25.18.2,2025-09-22,"Our new design provides easier access to the features you use most while on the go. This includes the homepage, account and order information, your cart and the ability to browse and discover Amazon departments, products, programs, and features.",app_store_web,high,UI / design changes
amazon_shopping_ios,Amazon Shopping,iOS,25.18.1,2025-09-17,"Our new design provides easier access to the features you use most while on the go. This includes the homepage, account and order information, your cart and the ability to browse and discover Amazon departments, products, programs, and features.",app_store_web,high,UI / design changes
amazon_shopping_ios,Amazon Shopping,iOS,25.18.0,2025-09-15,"Our new design provides easier access to the features you use most while on the go. This includes the homepage, account and order information, your cart and the ability to browse and discover Amazon departments, products, programs, and features.",app_store_web,high,UI / design changes
amazon_shopping_ios,Amazon Shopping,iOS,25.17.0,2025-09-02,"Our new design provides easier access to the features you use most while on the go. This includes the homepage, account and order information, your cart and the ability to browse and discover Amazon departments, products, programs, and features.",app_store_web,high,UI / design changes
amazon_shopping_ios,Amazon Shopping,iOS,25.16.0,2025-08-18,"Our new design provides easier access to the features you use most while on the go. This includes the homepage, account and order information, your cart and the ability to browse and discover Amazon departments, products, programs, and features.",app_store_web,high,UI / design changes
amazon_shopping_ios,Amazon Shopping,iOS,25.14.0,2025-08-15,"Our new design provides easier access to the features you use most while on the go. This includes the homepage, account and order information, your cart and the ability to browse and discover Amazon departments, products, programs, and features.",app_store_web,high,UI / design changes
amazon_shopping_ios,Amazon Shopping,iOS,25.13.0,2025-06-23,"Our new design provides easier access to the features you use most while on the go. This includes the homepage, account and order information, your cart and the ability to browse and discover Amazon departments, products, programs, and features.",app_store_web,high,UI / design changes
amazon_shopping_ios,Amazon Shopping,iOS,25.12.0,2025-06-13,"Our new design provides easier access to the features you use most while on the go. This includes the homepage, account and order information, your cart and the ability to browse and discover Amazon departments, products, programs, and features.",app_store_web,high,UI / design changes
amazon_shopping_ios,Amazon Shopping,iOS,25.10.0,2025-05-16,"Our new design provides easier access to the features you use most while on the go. This includes the homepage, account and order information, your cart and the ability to browse and discover Amazon departments, products, programs, and features.",app_store_web,high,UI / design changes
amazon_shopping_ios,Amazon Shopping,iOS,25.9.0,2025-04-28,"Our new design provides easier access to the features you use most while on the go. This includes the homepage, account and order information, your cart and the ability to browse and discover Amazon departments, products, programs, and features.",app_store_web,high,UI / design changes
amazon_shopping_ios,Amazon Shopping,iOS,25.8.2,2025-04-25,"Our new design provides easier access to the features you use most while on the go. This includes the homepage, account and order information, your cart and the ability to browse and discover Amazon departments, products, programs, and features.",app_store_web,high,UI / design changes
amazon_shopping_ios,Amazon Shopping,iOS,25.8.0,2025-04-14,"Our new design provides easier access to the features you use most while on the go. This includes the homepage, account and order information, your cart and the ability to browse and discover Amazon departments, products, programs, and features.",app_store_web,high,UI / design changes
amazon_shopping_ios,Amazon Shopping,iOS,25.7.0,2025-04-03,"Our new design provides easier access to the features you use most while on the go. This includes the homepage, account and order information, your cart and the ability to browse and discover Amazon departments, products, programs, and features.",app_store_web,high,UI / design changes
amazon_shopping_android,Amazon Shopping,Android,32.9.0.100,2026-04-23,"Join the 70+ million customers worldwide who use our app to spend, send, and save smarter. Make your spend, well-spent Pay any way, with physical cards, virtual cards, single-use virtual cards for extra protection, Google or Apple Pay Spend abroad with great exchange rates (fees additional to the rate provided may apply) Access 55+ K in-network ATMs worldwide with no fees Link your external bank accounts to stay on top of all your spending Design a physical card you vibe with (fees may apply). Set your kids up for financial success. Get them a Revolut ＜18 account, with their own card, so they can learn about money in a safe and fun way Send money near, far, wherever they are Request or send 25+ currencies with a tap to anyone, anywhere Chat, send, and receive money, in one place. Whatever your plans, transfers are almost instant between your Revolut friends with P2P payments Split and settle bills in one place. You can even share a fun GIF to diffuse any tension Save the interest-ing way Grow your money with up to 4.25%* APY with Savings Vaults, Access your savings whenever you need to, with zero penalties or fees Build your savings effortlessly — set up recurring transfers and round up spare change to stash cash Explore Stock Trading (capital at risk) Start trading stocks from $1 (other fees may apply) Choose from 2,000+ stocks to invest in some of the world's most popular companies Enjoy no-commission stock trading within your monthly allowance (other fees may apply) All investments involve risk, including possible loss of principal. Investment accounts and disclosures may be displayed together. Self-directed brokerage products are provided by Revolut Securities Inc., member FINRA/SIPC. Brokerage Products • Not FDIC Insured • No Bank Guarantee • May Lose Value. Automated investing is provided by Revolut Wealth Inc, an SEC-registered investment adviser. End the overspend Get instant spending notifications to keep track of every payment Use smart budgeting and analytics tools to stop wondering where your money went, and start telling it where to go Worried about missing upcoming payments or subscription charges? Don't be — we'll notify you beforehand Upgrade to one of our paid plans to get exclusive cards, more benefits, and even cooler perks. Pick the plan that's right for you: Premium or Metal (Paid Plan T&Cs and subscription fees apply). Unlock security features that you control Freeze and unfreeze your card in a tap Use single-use cards with new details generated each time you use it, for an extra layer of protection Set spending limits and get notifications to keep track of your money How we protect your money Our sophisticated fraud prevention system flags high-risk transactions and pings you an alert, so you can spot scams, and nip 'em in the bud Extensive identity verification keeps sign-ups secure, and your account is protected with passcodes and biometrics We're available 24/7 via our in-app customer support Funds in your Revolut Prepaid Card Account are held at or transferred to Lead Bank, Member FDIC, and are insured by the FDIC up to $250,000 applicable limits by the FDIC in the event Lead Bank fails if specific deposit insurance requirements are met. See FDIC-Prepaid Cards and Deposit Insurance Coverage. California Privacy Notice: https://www.revolut.com/en-US/legal/privacy *The highest APY is available to users on a Premium or Metal plan. Annual Percentage Yield (APY) is a variable rate and subject to change. These APYs are accurate as of October, 20th, 2023. Monthly fees apply for Premium and Metal plans. Terms and Conditions Apply. No minimum amount required. Savings Vault services provided by Sutton Bank, Member FDIC Revolut Ltd (No. 08804411) is authorized by the Financial Conduct Authority under the Electronic Money Regula",play_store_snapshot,high,Security / account safety
amazon_shopping_android,Amazon Shopping,Android,,2020-10-06,"UPDATE: It's been over a month and they still haven't fixed the bug where it shows the wrong name on the menu screen. Dropping to 1 star. The Amazon for Tablets app doesn't have this bug. ORIGINAL: Good for shopping, and it's nice to get delivery notifications on my phone, BUT I updated my name in the account settings a week ago, and when I hit the menu button it still shows the old name. Clearing all app data, uninstalling and reinstalling didn't fix it, so it must be a bug. Please fix this!!!",wayback_snapshot,medium,Bug fixes / performance improvements
amazon_shopping_android,Amazon Shopping,Android,,2020-10-04,"This latest ""upgrade"" is a pain. The added ""Next Page"" is unnecessary. You no longer know how close you are to the end of the list. Also, I should STILL be able to choose multiple filters without being kicked out the screen. This changes what was 5 or 6 clicks into literally 30 clicks just to filter down a search list. These two changes alone make this app too time consuming to even bother. 9.24.20 - Another crappy update! The filter options and the search view need to go back to the original",wayback_snapshot,medium,Other
amazon_shopping_android,Amazon Shopping,Android,,2020-10-01,"I don't know what happened to the Amazon app, but it used to work just fine. I can go online and search for something, but when I want more details, it just freezes and I cannot even access the product that I was just looking at. My phone is an Android, but it worked good until a couple of months ago. Must be the update. Amazon, please, please, please, fix your app! I have uninstalled, reinstall, and restarted my phone several times. That does not make any difference, my other apps work fine.",wayback_snapshot,medium,Bug fixes / performance improvements
amazon_shopping_android,Amazon Shopping,Android,,2020-10-01,"World's Largest Cloud Service Can't Make A Functional App...seriously? Servers aren't overloaded, that's a crock. Needs redesign of app & backend inventory system. App always been SLOW but now just doesn't work. Product selections ie color/qty do nothing; want to see this in your room? Oops, can't do that. Heck, the special Fire Tablet app version is worse than phone app! Search function is little more than tiered list of advertised products, 'Amazon's choice', etc. Worse with every update. Sad",wayback_snapshot,medium,Bug fixes / performance improvements
uber_ios,Uber,iOS,3.720.10000,2026-05-04,We update the Uber app as often as possible to make it faster and more reliable for you. Here are a couple of the enhancements you'll find in the latest update: - Updates to improve localization across the app - Various bug fixes & improvements Love the app? Rate us! Your feedback keeps the Uber engine running. Have a question? Tap Help in the Uber app or visit help.uber.com.,app_store_web,high,Bug fixes / performance improvements
uber_ios,Uber,iOS,3.719.1002,2026-04-27,We update the Uber app as often as possible to make it faster and more reliable for you. Here are a couple of the enhancements you'll find in the latest update: - Updates to improve localization across the app - Various bug fixes & improvements Love the app? Rate us! Your feedback keeps the Uber engine running. Have a question? Tap Help in the Uber app or visit help.uber.com.,app_store_web,high,Bug fixes / performance improvements
uber_ios,Uber,iOS,3.718.10001,2026-04-20,We update the Uber app as often as possible to make it faster and more reliable for you. Here are a couple of the enhancements you'll find in the latest update: - Updates to improve localization across the app - Various bug fixes & improvements Love the app? Rate us! Your feedback keeps the Uber engine running. Have a question? Tap Help in the Uber app or visit help.uber.com.,app_store_web,high,Bug fixes / performance improvements
uber_ios,Uber,iOS,3.717.10000,2026-04-13,We update the Uber app as often as possible to make it faster and more reliable for you. Here are a couple of the enhancements you'll find in the latest update: - Updates to improve localization across the app - Various bug fixes & improvements Love the app? Rate us! Your feedback keeps the Uber engine running. Have a question? Tap Help in the Uber app or visit help.uber.com.,app_store_web,high,Bug fixes / performance improvements
uber_ios,Uber,iOS,3.716.10001,2026-04-06,We update the Uber app as often as possible to make it faster and more reliable for you. Here are a couple of the enhancements you'll find in the latest update: - Updates to improve localization across the app - Various bug fixes & improvements Love the app? Rate us! Your feedback keeps the Uber engine running. Have a question? Tap Help in the Uber app or visit help.uber.com.,app_store_web,high,Bug fixes / performance improvements
uber_ios,Uber,iOS,3.715.10001,2026-03-30,We update the Uber app as often as possible to make it faster and more reliable for you. Here are a couple of the enhancements you'll find in the latest update: - Updates to improve localization across the app - Various bug fixes & improvements Love the app? Rate us! Your feedback keeps the Uber engine running. Have a question? Tap Help in the Uber app or visit help.uber.com.,app_store_web,high,Bug fixes / performance improvements
uber_ios,Uber,iOS,3.714.10001,2026-03-23,We update the Uber app as often as possible to make it faster and more reliable for you. Here are a couple of the enhancements you'll find in the latest update: - Updates to improve localization across the app - Various bug fixes & improvements Love the app? Rate us! Your feedback keeps the Uber engine running. Have a question? Tap Help in the Uber app or visit help.uber.com.,app_store_web,high,Bug fixes / performance improvements
uber_ios,Uber,iOS,3.713.10003,2026-03-16,We update the Uber app as often as possible to make it faster and more reliable for you. Here are a couple of the enhancements you'll find in the latest update: - Updates to improve localization across the app - Various bug fixes & improvements Love the app? Rate us! Your feedback keeps the Uber engine running. Have a question? Tap Help in the Uber app or visit help.uber.com.,app_store_web,high,Bug fixes / performance improvements
uber_ios,Uber,iOS,3.712.10000,2026-03-09,We update the Uber app as often as possible to make it faster and more reliable for you. Here are a couple of the enhancements you'll find in the latest update: - Updates to improve localization across the app - Various bug fixes & improvements Love the app? Rate us! Your feedback keeps the Uber engine running. Have a question? Tap Help in the Uber app or visit help.uber.com.,app_store_web,high,Bug fixes / performance improvements
uber_ios,Uber,iOS,3.711.10000,2026-03-02,We update the Uber app as often as possible to make it faster and more reliable for you. Here are a couple of the enhancements you'll find in the latest update: - Updates to improve localization across the app - Various bug fixes & improvements Love the app? Rate us! Your feedback keeps the Uber engine running. Have a question? Tap Help in the Uber app or visit help.uber.com.,app_store_web,high,Bug fixes / performance improvements
uber_ios,Uber,iOS,3.710.10001,2026-02-23,We update the Uber app as often as possible to make it faster and more reliable for you. Here are a couple of the enhancements you'll find in the latest update: - Updates to improve localization across the app - Various bug fixes & improvements Love the app? Rate us! Your feedback keeps the Uber engine running. Have a question? Tap Help in the Uber app or visit help.uber.com.,app_store_web,high,Bug fixes / performance improvements
uber_ios,Uber,iOS,3.709.10000,2026-02-16,We update the Uber app as often as possible to make it faster and more reliable for you. Here are a couple of the enhancements you'll find in the latest update: - Updates to improve localization across the app - Various bug fixes & improvements Love the app? Rate us! Your feedback keeps the Uber engine running. Have a question? Tap Help in the Uber app or visit help.uber.com.,app_store_web,high,Bug fixes / performance improvements
uber_ios,Uber,iOS,3.708.10000,2026-02-09,We update the Uber app as often as possible to make it faster and more reliable for you. Here are a couple of the enhancements you'll find in the latest update: - Updates to improve localization across the app - Various bug fixes & improvements Love the app? Rate us! Your feedback keeps the Uber engine running. Have a question? Tap Help in the Uber app or visit help.uber.com.,app_store_web,high,Bug fixes / performance improvements
uber_ios,Uber,iOS,3.707.10001,2026-02-02,We update the Uber app as often as possible to make it faster and more reliable for you. Here are a couple of the enhancements you'll find in the latest update: - Updates to improve localization across the app - Various bug fixes & improvements Love the app? Rate us! Your feedback keeps the Uber engine running. Have a question? Tap Help in the Uber app or visit help.uber.com.,app_store_web,high,Bug fixes / performance improvements
uber_ios,Uber,iOS,3.706.10000,2026-01-26,We update the Uber app as often as possible to make it faster and more reliable for you. Here are a couple of the enhancements you'll find in the latest update: - Updates to improve localization across the app - Various bug fixes & improvements Love the app? Rate us! Your feedback keeps the Uber engine running. Have a question? Tap Help in the Uber app or visit help.uber.com.,app_store_web,high,Bug fixes / performance improvements
uber_ios,Uber,iOS,3.705.10000,2026-01-19,We update the Uber app as often as possible to make it faster and more reliable for you. Here are a couple of the enhancements you'll find in the latest update: - Updates to improve localization across the app - Various bug fixes & improvements Love the app? Rate us! Your feedback keeps the Uber engine running. Have a question? Tap Help in the Uber app or visit help.uber.com.,app_store_web,high,Bug fixes / performance improvements
uber_ios,Uber,iOS,3.704.10003,2026-01-13,We update the Uber app as often as possible to make it faster and more reliable for you. Here are a couple of the enhancements you'll find in the latest update: - Updates to improve localization across the app - Various bug fixes & improvements Love the app? Rate us! Your feedback keeps the Uber engine running. Have a question? Tap Help in the Uber app or visit help.uber.com.,app_store_web,high,Bug fixes / performance improvements
uber_ios,Uber,iOS,3.704.10002,2026-01-12,We update the Uber app as often as possible to make it faster and more reliable for you. Here are a couple of the enhancements you'll find in the latest update: - Updates to improve localization across the app - Various bug fixes & improvements Love the app? Rate us! Your feedback keeps the Uber engine running. Have a question? Tap Help in the Uber app or visit help.uber.com.,app_store_web,high,Bug fixes / performance improvements
uber_ios,Uber,iOS,3.703.10003,2026-01-09,We update the Uber app as often as possible to make it faster and more reliable for you. Here are a couple of the enhancements you'll find in the latest update: - Updates to improve localization across the app - Various bug fixes & improvements Love the app? Rate us! Your feedback keeps the Uber engine running. Have a question? Tap Help in the Uber app or visit help.uber.com.,app_store_web,high,Bug fixes / performance improvements
uber_ios,Uber,iOS,3.703.10002,2026-01-08,We update the Uber app as often as possible to make it faster and more reliable for you. Here are a couple of the enhancements you'll find in the latest update: - Updates to improve localization across the app - Various bug fixes & improvements Love the app? Rate us! Your feedback keeps the Uber engine running. Have a question? Tap Help in the Uber app or visit help.uber.com.,app_store_web,high,Bug fixes / performance improvements
uber_ios,Uber,iOS,3.703.10001,2026-01-05,We update the Uber app as often as possible to make it faster and more reliable for you. Here are a couple of the enhancements you'll find in the latest update: - Updates to improve localization across the app - Various bug fixes & improvements Love the app? Rate us! Your feedback keeps the Uber engine running. Have a question? Tap Help in the Uber app or visit help.uber.com.,app_store_web,high,Bug fixes / performance improvements
uber_ios,Uber,iOS,3.700.10011,2025-12-17,We update the Uber app as often as possible to make it faster and more reliable for you. Here are a couple of the enhancements you'll find in the latest update: - Updates to improve localization across the app - Various bug fixes & improvements Love the app? Rate us! Your feedback keeps the Uber engine running. Have a question? Tap Help in the Uber app or visit help.uber.com.,app_store_web,high,Bug fixes / performance improvements
uber_ios,Uber,iOS,3.700.10010,2025-12-17,We update the Uber app as often as possible to make it faster and more reliable for you. Here are a couple of the enhancements you'll find in the latest update: - Updates to improve localization across the app - Various bug fixes & improvements Love the app? Rate us! Your feedback keeps the Uber engine running. Have a question? Tap Help in the Uber app or visit help.uber.com.,app_store_web,high,Bug fixes / performance improvements
uber_ios,Uber,iOS,3.700.10009,2025-12-15,We update the Uber app as often as possible to make it faster and more reliable for you. Here are a couple of the enhancements you'll find in the latest update: - Updates to improve localization across the app - Various bug fixes & improvements Love the app? Rate us! Your feedback keeps the Uber engine running. Have a question? Tap Help in the Uber app or visit help.uber.com.,app_store_web,high,Bug fixes / performance improvements
uber_ios,Uber,iOS,3.699.10002,2025-12-13,We update the Uber app as often as possible to make it faster and more reliable for you. Here are a couple of the enhancements you'll find in the latest update: - Updates to improve localization across the app - Various bug fixes & improvements Love the app? Rate us! Your feedback keeps the Uber engine running. Have a question? Tap Help in the Uber app or visit help.uber.com.,app_store_web,high,Bug fixes / performance improvements
uber_android,Uber,Android,4.629.10001,2026-05-01,"Digital Wallet - Powerful Mobile Pay App! Experience Cards - Mobile Wallet, the ultimate wallet app solution to organize your apps for wallet in one secure place. With this amazing mobile pay by phone app, you no longer need to carry multiple cards and worry about losing or misplacing them. Instead, the Tap to Pay app allows you to manage all your cards efficiently and safely, making it easier to access and use them from your phone whenever needed - Streamline Payments & Tickets.😎 My Digital Wallet App - Pay by Phone! 💳 With Cards - Mobile Wallet, you can add everything to your cards wallet, including loyalty, payment, access, identity, and transport cards. In addition, the mobile pay app supports different types of cards, including barcode cards, wireless NFC payments, and card numbers, making it convenient for you to use in any situation. Powerful My Digital Wallet App Features: ⚡All Apps for Wallet in one place; ⚡Cards on Android Smartwatch; ⚡Cards Wallet - Load any card to your phone; ⚡Send them by tapping your phone on terminals or other devices (using NFC wireless technology); ⚡Or by presenting Barcodes; ⚡Mobile Pay: Pay by Phone - Easy Wireless Tap to Pay; ⚡Perform tasks from within the My digital wallet app without downloading bloated & unfamiliar apps; ⚡Quick Performance - Instant access with card valet; ⚡ Streamline Payments & Tickets; ⚡Get notifications from your cards wallet! 🙌 b>Amazing Tap to Pay Functionality with My Digital Wallet 🙌 One of the most exciting features of the Mobile Wallet app is that it enables you to make mobile payments easily. You can easily link your payment cards to the pay by phone app and use them securely to make mobile payment transactions. No more searching for your physical card; tap to pay and you're done! All Card Apps for Wallet in One Place: ✅ Loyalty Cards Wallet; ✅ Finance(Credit/Debit/ATM); ✅ Transport(Bus/Train/Metro); ✅ Identity(Driver's License/Student/ID); ✅ Tickets(Shows/Movies); ✅ Key Cards(Work/Car/Home Entrance). Mobile Pay Security! 🔒 Security is a top priority with the Mobile Wallet app. You can secure the My Digital Wallet app with a fingerprint scan or PIN code access, ensuring your financial information is protected. Additionally, the Apps for Wallet software uses industry-standard encryption to safeguard your data, and all transactions are authenticated and signed. Easy and Fast Mobile Pay Digital Wallet In today's digital age, the Mobile Wallet app is a must-have for anyone who wants to stay organized and secure. With all your cards in one place, you can easily manage your finances, perform tap to pay, access your loyalty rewards, and make payments from your mobile device! No more bulky wallets or endless searching for the right card valet. Just open the My Digital Wallet app and have everything you need in your hand.📱 Cards - Mobile Wallet acceptance depends on the technology available from the specific card brand, based on your country's regulations. Some functions may not work properly in some regions.",play_store_snapshot,high,Security / account safety
uber_android,Uber,Android,,2013-12-23,"With Uber, your destination is at your fingertips. Just open the app and enter where you want to go, and a nearby driver will help you get there reliably. You can also rent JUMP bikes and scooters. GET THERE FROM ALMOST ANYWHERE Available at more than 600 airports and in 700+ cities around the world, Uber is a great way to make your travel plans stress-free. Request a ride on demand or schedule one ahead of time. FIND THE RIDE YOU WANT Whether you’re looking for style, space, or affordability, Uber can help you find the perfect ride to fit your needs: - Enjoy elegance and premium features with Uber Black - Cruise past traffic on an electric JUMP bike or scooter - Ride with extra room (and more of your friends) with UberXL All of these transportation options and more are available in one place with the Uber app. SEE PRICE ESTIMATES With Uber, you can see your price estimate upfront before booking. That means you’ll always have an idea of what you’ll pay before requesting your ride. YOUR SAFETY DRIVES US We’re committed to making every trip with Uber as safe as possible. That's why we've built new safety features and updated our Community Guidelines for respectful and positive experiences. - You can share your trip Give your loved ones peace of mind while you’re on a trip—you can share your location and trip status so they know you made it to your destination. - You can contact emergency services You can call your local authorities directly from the app, and your location and trip details will be displayed so you can quickly share them with emergency services. TIP AND RATE YOUR DRIVER After every ride, you can submit a rating along with comments. You can also let your driver know you appreciated your experience by adding a tip for them right in the app. To see if Uber is available in your city, visit https://www.uber.com/cities. Follow us on Twitter at https://twitter.com/uber. Like us on Facebook at https://www.facebook.com/uber. Have a question? Visit uber.com/help. Not all products are available in all markets.",wayback_snapshot,medium,Payments / monetization
doordash_ios,DoorDash,iOS,8.17.2,2026-05-05,Minor updates and performance improvements,app_store_web,high,Bug fixes / performance improvements
doordash_ios,DoorDash,iOS,8.17.1,2026-05-05,Minor updates and performance improvements,app_store_web,high,Bug fixes / performance improvements
doordash_ios,DoorDash,iOS,8.17.0,2026-05-04,Minor updates and performance improvements,app_store_web,high,Bug fixes / performance improvements
doordash_ios,DoorDash,iOS,8.16.1,2026-05-01,Minor updates and performance improvements,app_store_web,high,Bug fixes / performance improvements
doordash_ios,DoorDash,iOS,8.16.0,2026-04-27,Minor updates and performance improvements,app_store_web,high,Bug fixes / performance improvements
doordash_ios,DoorDash,iOS,8.15.0,2026-04-20,Minor updates and performance improvements,app_store_web,high,Bug fixes / performance improvements
doordash_ios,DoorDash,iOS,8.14.1,2026-04-14,Minor updates and performance improvements,app_store_web,high,Bug fixes / performance improvements
doordash_ios,DoorDash,iOS,8.14.0,2026-04-13,Minor updates and performance improvements,app_store_web,high,Bug fixes / performance improvements
doordash_ios,DoorDash,iOS,8.13.1,2026-04-08,Minor updates and performance improvements,app_store_web,high,Bug fixes / performance improvements
doordash_ios,DoorDash,iOS,8.13.0,2026-04-06,Minor updates and performance improvements,app_store_web,high,Bug fixes / performance improvements
doordash_ios,DoorDash,iOS,8.12.0,2026-03-30,Minor updates and performance improvements,app_store_web,high,Bug fixes / performance improvements
doordash_ios,DoorDash,iOS,8.11.0,2026-03-23,Minor updates and performance improvements,app_store_web,high,Bug fixes / performance improvements
doordash_ios,DoorDash,iOS,8.10.0,2026-03-16,Minor updates and performance improvements,app_store_web,high,Bug fixes / performance improvements
doordash_ios,DoorDash,iOS,8.9.0,2026-03-09,Minor updates and performance improvements,app_store_web,high,Bug fixes / performance improvements
doordash_ios,DoorDash,iOS,8.8.0,2026-03-02,Minor updates and performance improvements,app_store_web,high,Bug fixes / performance improvements
doordash_ios,DoorDash,iOS,8.7.0,2026-02-23,Minor updates and performance improvements,app_store_web,high,Bug fixes / performance improvements
doordash_ios,DoorDash,iOS,8.6.0,2026-02-17,Minor updates and performance improvements,app_store_web,high,Bug fixes / performance improvements
doordash_ios,DoorDash,iOS,8.5.0,2026-02-09,Minor updates and performance improvements,app_store_web,high,Bug fixes / performance improvements
doordash_ios,DoorDash,iOS,8.4.0,2026-02-02,Minor updates and performance improvements,app_store_web,high,Bug fixes / performance improvements
doordash_ios,DoorDash,iOS,8.3.0,2026-01-26,Minor updates and performance improvements,app_store_web,high,Bug fixes / performance improvements
doordash_ios,DoorDash,iOS,8.2.0,2026-01-20,Minor updates and performance improvements,app_store_web,high,Bug fixes / performance improvements
doordash_ios,DoorDash,iOS,8.1.1,2026-01-13,Minor updates and performance improvements,app_store_web,high,Bug fixes / performance improvements
doordash_ios,DoorDash,iOS,8.1.0,2026-01-12,Minor updates and performance improvements,app_store_web,high,Bug fixes / performance improvements
doordash_ios,DoorDash,iOS,8.0.0,2026-01-06,Minor updates and performance improvements,app_store_web,high,Bug fixes / performance improvements
doordash_ios,DoorDash,iOS,7.51.0,2025-12-30,Minor updates and performance improvements,app_store_web,high,Bug fixes / performance improvements
doordash_android,DoorDash,Android,15.273.1,2026-05-04,"Track orders in progress, resolve issues, access Support, keep track of your business performance, and get real-time notifications on DoorDash. TRACK LIVE ORDERS Manage in-progress orders and see your Dasher's status, location, and arrival time. Mark an item out of stock or cancel an order if you’re having trouble fulfilling it. Call your customer or Dasher if there are any order issues, and chat with or call DoorDash Support anytime. MANAGE STORE AVAILABILITY AND HOURS Update store hours, closures, and more. Plus, easily switch to view any of your other stores on DoorDash. GET DAILY BUSINESS DATA View daily, weekly, and monthly performance recaps and get insights into your top-performing menu items on DoorDash. USE WITH THE ORDER MANAGER TABLET APP or POS The Business Manager app complements your existing order protocol. If you’d like to receive, confirm, and manage orders please continue to use your Order Manager tablet app, point-of-sale (POS), email, or fax protocols. Learn more about the various ways you can receive and manage orders here: https://help.doordash.com/merchants/s/article/What-order-protocol-should-I-choose-Tablet-email-or-fax?language=en_US ABOUT DOORDASH DoorDash is a technology company that connects consumers with their favorite local and national businesses in more than 4,000 cities across the United States, Canada, Japan, and Australia. Founded in 2013, DoorDash enables local businesses to address consumers’ expectations of ease and immediacy and thrive in today’s convenience economy. By building the last-mile logistics infrastructure for local commerce, DoorDash is bringing communities closer, one doorstep at a time. Get your business on DoorDash at get.doordash.com",play_store_snapshot,high,Bug fixes / performance improvements
paypal_ios,PayPal,iOS,8.106.0,2026-05-04,"Get the latest update, so you can pay, send and save smarter. Unlock cash back offers and more. With PayPal, it really adds up.",app_store_web,high,Other
paypal_ios,PayPal,iOS,8.105.0,2026-04-20,"Get the latest update, so you can pay, send and save smarter. Unlock cash back offers and more. With PayPal, it really adds up.",app_store_web,high,Other
paypal_ios,PayPal,iOS,8.104.1,2026-04-13,"Get the latest update, so you can pay, send and save smarter. Unlock cash back offers and more. With PayPal, it really adds up.",app_store_web,high,Other
paypal_ios,PayPal,iOS,8.104.0,2026-04-06,"Get the latest update, so you can pay, send and save smarter. Unlock cash back offers and more. With PayPal, it really adds up.",app_store_web,high,Other
paypal_ios,PayPal,iOS,8.103.0,2026-03-23,"Get the latest update, so you can pay, send and save smarter. Unlock cash back offers and more. With PayPal, it really adds up.",app_store_web,high,Other
paypal_ios,PayPal,iOS,8.102.0,2026-03-05,"Get the latest update, so you can pay, send and save smarter. Unlock cash back offers and more. With PayPal, it really adds up.",app_store_web,high,Other
paypal_ios,PayPal,iOS,8.101.0,2026-02-23,"Get the latest update, so you can pay, send and save smarter. Unlock cash back offers and more. With PayPal, it really adds up.",app_store_web,high,Other
paypal_ios,PayPal,iOS,8.100.1,2026-02-11,"Get the latest update, so you can pay, send and save smarter. Unlock cash back offers and more. With PayPal, it really adds up.",app_store_web,high,Other
paypal_ios,PayPal,iOS,8.100.0,2026-02-09,"Get the latest update, so you can pay, send and save smarter. Unlock cash back offers and more. With PayPal, it really adds up.",app_store_web,high,Other
paypal_ios,PayPal,iOS,8.99.1,2026-02-02,"Get the latest update, so you can pay, send and save smarter. Unlock cash back offers and more. With PayPal, it really adds up.",app_store_web,high,Other
paypal_ios,PayPal,iOS,8.99.0,2026-01-26,"Get the latest update, so you can pay, send and save smarter. Unlock cash back offers and more. With PayPal, it really adds up.",app_store_web,high,Other
paypal_ios,PayPal,iOS,8.98.0,2025-12-22,"Get the latest update, so you can pay, send and save smarter. Unlock cash back offers and more. With PayPal, it really adds up.",app_store_web,high,Other
paypal_ios,PayPal,iOS,8.97.1,2025-11-27,"Get the latest update, so you can pay, send and save smarter. Unlock cash back offers and more. With PayPal, it really adds up.",app_store_web,high,Other
paypal_ios,PayPal,iOS,8.97.0,2025-11-17,"Get the latest update, so you can pay, send and save smarter. Unlock cash back offers and more. With PayPal, it really adds up.",app_store_web,high,Other
paypal_ios,PayPal,iOS,8.96.0,2025-11-06,"Get the latest update, so you can pay, send and save smarter. Unlock cash back offers and more. With PayPal, it really adds up.",app_store_web,high,Other
paypal_ios,PayPal,iOS,8.95.0,2025-10-21,"Get the latest update, so you can pay, send and save smarter. Unlock cash back offers and more. With PayPal, it really adds up.",app_store_web,high,Other
paypal_ios,PayPal,iOS,8.94.1,2025-10-10,"Get the latest update, so you can pay, send and save smarter. Unlock cash back offers and more. With PayPal, it really adds up.",app_store_web,high,Other
paypal_ios,PayPal,iOS,8.94.0,2025-10-06,"Get the latest update, so you can pay, send and save smarter. Unlock cash back offers and more. With PayPal, it really adds up.",app_store_web,high,Other
paypal_ios,PayPal,iOS,8.93.1,2025-09-25,"Get the latest update, so you can pay, send and save smarter. Unlock cash back offers and more. With PayPal, it really adds up.",app_store_web,high,Other
paypal_ios,PayPal,iOS,8.93.0,2025-09-22,"Get the latest update, so you can pay, send and save smarter. Unlock cash back offers and more. With PayPal, it really adds up.",app_store_web,high,Other
paypal_ios,PayPal,iOS,8.92.1,2025-09-10,"Get the latest update, so you can pay, send and save smarter. Unlock cash back offers and more. With PayPal, it really adds up.",app_store_web,high,Other
paypal_ios,PayPal,iOS,8.92.0,2025-09-08,"Get the latest update, so you can pay, send and save smarter. Unlock cash back offers and more. With PayPal, it really adds up.",app_store_web,high,Other
paypal_ios,PayPal,iOS,8.91.0,2025-08-25,"Get the latest update, so you can pay, send and save smarter. Unlock cash back offers and more. With PayPal, it really adds up.",app_store_web,high,Other
paypal_ios,PayPal,iOS,8.90.0,2025-08-11,"Get the latest update, so you can pay, send and save smarter. Unlock cash back offers and more. With PayPal, it really adds up.",app_store_web,high,Other
paypal_ios,PayPal,iOS,8.89.1,2025-07-30,"Get the latest update, so you can pay, send and save smarter. Unlock cash back offers and more. With PayPal, it really adds up.",app_store_web,high,Other
paypal_android,PayPal,Android,8.105.1,2026-04-23,"Join the 70+ million customers worldwide who use our app to spend, send, and save smarter. Make your spend, well-spent Pay any way, with physical cards, virtual cards, single-use virtual cards for extra protection, Google or Apple Pay Spend abroad with great exchange rates (fees additional to the rate provided may apply) Access 55+ K in-network ATMs worldwide with no fees Link your external bank accounts to stay on top of all your spending Design a physical card you vibe with (fees may apply). Set your kids up for financial success. Get them a Revolut ＜18 account, with their own card, so they can learn about money in a safe and fun way Send money near, far, wherever they are Request or send 25+ currencies with a tap to anyone, anywhere Chat, send, and receive money, in one place. Whatever your plans, transfers are almost instant between your Revolut friends with P2P payments Split and settle bills in one place. You can even share a fun GIF to diffuse any tension Save the interest-ing way Grow your money with up to 4.25%* APY with Savings Vaults, Access your savings whenever you need to, with zero penalties or fees Build your savings effortlessly — set up recurring transfers and round up spare change to stash cash Explore Stock Trading (capital at risk) Start trading stocks from $1 (other fees may apply) Choose from 2,000+ stocks to invest in some of the world's most popular companies Enjoy no-commission stock trading within your monthly allowance (other fees may apply) All investments involve risk, including possible loss of principal. Investment accounts and disclosures may be displayed together. Self-directed brokerage products are provided by Revolut Securities Inc., member FINRA/SIPC. Brokerage Products • Not FDIC Insured • No Bank Guarantee • May Lose Value. Automated investing is provided by Revolut Wealth Inc, an SEC-registered investment adviser. End the overspend Get instant spending notifications to keep track of every payment Use smart budgeting and analytics tools to stop wondering where your money went, and start telling it where to go Worried about missing upcoming payments or subscription charges? Don't be — we'll notify you beforehand Upgrade to one of our paid plans to get exclusive cards, more benefits, and even cooler perks. Pick the plan that's right for you: Premium or Metal (Paid Plan T&Cs and subscription fees apply). Unlock security features that you control Freeze and unfreeze your card in a tap Use single-use cards with new details generated each time you use it, for an extra layer of protection Set spending limits and get notifications to keep track of your money How we protect your money Our sophisticated fraud prevention system flags high-risk transactions and pings you an alert, so you can spot scams, and nip 'em in the bud Extensive identity verification keeps sign-ups secure, and your account is protected with passcodes and biometrics We're available 24/7 via our in-app customer support Funds in your Revolut Prepaid Card Account are held at or transferred to Lead Bank, Member FDIC, and are insured by the FDIC up to $250,000 applicable limits by the FDIC in the event Lead Bank fails if specific deposit insurance requirements are met. See FDIC-Prepaid Cards and Deposit Insurance Coverage. California Privacy Notice: https://www.revolut.com/en-US/legal/privacy *The highest APY is available to users on a Premium or Metal plan. Annual Percentage Yield (APY) is a variable rate and subject to change. These APYs are accurate as of October, 20th, 2023. Monthly fees apply for Premium and Metal plans. Terms and Conditions Apply. No minimum amount required. Savings Vault services provided by Sutton Bank, Member FDIC Revolut Ltd (No. 08804411) is authorized by the Financial Conduct Authority under the Electronic Money Regula",play_store_snapshot,high,Security / account safety
paypal_android,PayPal,Android,,2013-11-22,"Our new PayPal app is a simple and secure way to get paid back for last night’s takeaway, send money to friends who have an account with PayPal , check PayPal activity, choose currencies to send around the world and more. Plus, we’ve added some new features we think you’ll love… *NEW* A TOUCH-FREE WAY TO PAY OR BE PAID • If you’re buying, simply scan the QR code to pay securely with your PayPal app. • Whatever you’re selling, now you can quickly set up a QR code and get paid in person, all with just your phone. SEND AND REQUEST MONEY FOR FREE • When funded by a bank account or balance, it’s free and secure to send money or ask for it back from friends and family in the US. • All you need is an email address, mobile number, bank account, cash pick up service point or mobile top up details. *An account with PayPal is required to send and receive money. If you don’t have an account with PayPal, you can sign up for free quickly and easily. • NEW FEATURE: just type a name, email or phone number and PayPal will find the right person for you. • Request money quickly and securely from friends or family with just a few taps. GET INSTANT SPENDING NOTIFICATIONS • Never miss a thing – keep on top of payments and sending or receiving money, with instant push notifications. • Check out all your latest PayPal activity, by just logging in. ACCESS YOUR BALANCE INSTANTLY WITH THE PAYPAL CASH CARD • Easily transfer funds from your bank balance to your account with PayPal. • Shop in-store, online or everywhere Mastercard® is accepted and withdraw cash at ATMs worldwide. • PayPal Cash Plus account required to get the card. TRUST PAYPAL SECURE TRANSACTIONS • You can be sure PayPal will help keep your financial information secure, with commercially available encryption, and fraud detection. All that plus monitoring transactions, 24/7. Not all features may be available in your market.",wayback_snapshot,medium,Security / account safety
notion_ios,Notion,iOS,1.7.303,2026-05-05,Bug fixes and performance improvements.,app_store_web,high,Bug fixes / performance improvements
notion_ios,Notion,iOS,1.7.302,2026-04-28,Bug fixes and performance improvements.,app_store_web,high,Bug fixes / performance improvements
notion_ios,Notion,iOS,1.7.301,2026-04-23,Bug fixes and performance improvements.,app_store_web,high,Bug fixes / performance improvements
notion_ios,Notion,iOS,1.7.300,2026-04-22,Bug fixes and performance improvements.,app_store_web,high,Bug fixes / performance improvements
notion_ios,Notion,iOS,1.7.299,2026-04-20,Bug fixes and performance improvements.,app_store_web,high,Bug fixes / performance improvements
notion_ios,Notion,iOS,1.7.298,2026-04-16,Bug fixes and performance improvements.,app_store_web,high,Bug fixes / performance improvements
notion_ios,Notion,iOS,1.7.297,2026-04-15,Bug fixes and performance improvements.,app_store_web,high,Bug fixes / performance improvements
notion_ios,Notion,iOS,1.7.296,2026-04-10,Bug fixes and performance improvements.,app_store_web,high,Bug fixes / performance improvements
notion_ios,Notion,iOS,1.7.295,2026-04-08,Bug fixes and performance improvements.,app_store_web,high,Bug fixes / performance improvements
notion_ios,Notion,iOS,1.7.294,2026-04-07,Bug fixes and performance improvements.,app_store_web,high,Bug fixes / performance improvements
notion_ios,Notion,iOS,1.7.293,2026-04-07,Bug fixes and performance improvements.,app_store_web,high,Bug fixes / performance improvements
notion_ios,Notion,iOS,1.7.292,2026-04-02,Bug fixes and performance improvements.,app_store_web,high,Bug fixes / performance improvements
notion_ios,Notion,iOS,1.7.291,2026-04-01,Bug fixes and performance improvements.,app_store_web,high,Bug fixes / performance improvements
notion_ios,Notion,iOS,1.7.290,2026-03-31,Bug fixes and performance improvements.,app_store_web,high,Bug fixes / performance improvements
notion_ios,Notion,iOS,1.7.289,2026-03-26,Bug fixes and performance improvements.,app_store_web,high,Bug fixes / performance improvements
notion_ios,Notion,iOS,1.7.288,2026-03-24,Bug fixes and performance improvements.,app_store_web,high,Bug fixes / performance improvements
notion_ios,Notion,iOS,1.7.287,2026-03-17,Bug fixes and performance improvements.,app_store_web,high,Bug fixes / performance improvements
notion_ios,Notion,iOS,1.7.286,2026-03-12,Bug fixes and performance improvements.,app_store_web,high,Bug fixes / performance improvements
notion_ios,Notion,iOS,1.7.285,2026-03-03,Bug fixes and performance improvements.,app_store_web,high,Bug fixes / performance improvements
notion_ios,Notion,iOS,1.7.284,2026-02-25,Bug fixes and performance improvements.,app_store_web,high,Bug fixes / performance improvements
notion_ios,Notion,iOS,1.7.283,2026-02-19,Bug fixes and performance improvements.,app_store_web,high,Bug fixes / performance improvements
notion_ios,Notion,iOS,1.7.282,2026-02-15,Bug fixes and performance improvements.,app_store_web,high,Bug fixes / performance improvements
notion_ios,Notion,iOS,1.7.281,2026-02-09,Bug fixes and performance improvements.,app_store_web,high,Bug fixes / performance improvements
notion_ios,Notion,iOS,1.7.280,2026-02-05,Bug fixes and performance improvements.,app_store_web,high,Bug fixes / performance improvements
notion_ios,Notion,iOS,1.7.279,2026-02-02,Bug fixes and performance improvements.,app_store_web,high,Bug fixes / performance improvements
notion_android,Notion,Android,0.6.3836,2026-05-04,"Planwiz is your all-in-one daily planner, to do list, journal & schedule planner — beautifully designed to help you organize your life effortlessly. With 1,000+ aesthetic templates, manage your routine planner, diary, notes, ADHD planner, habit tracker & more in one powerful digital planner app. 📋 Daily Planner & Schedule Planner Daily Planner Start every morning with a clear plan using fully customizable daily planner templates. Schedule Planner Organize your tasks, appointments & priorities with a structured schedule planner. Weekly Planner Get a birds-eye view of your entire week with detailed weekly planner templates. Monthly Planner Set long-term goals and track monthly progress with a comprehensive monthly planner templates. Calendar Planner Visualize your entire schedule at a glance with a beautiful calendar planner. Time Blocking Maximize your productivity with powerful time blocking templates. ✅ To Do List & Task Management To Do List Capture, prioritize & complete your daily tasks with a clean and simple to do list planner. Task Journal Track your to-dos, habits & goals all in one place with a task journal. Routine Planner Build and maintain healthy daily routines effortlessly with a routine planner. Brain Dump Clear your mind and capture every idea instantly with a brain dump template. Goal Planner Set, track & achieve your biggest goals with a dedicated goal planner. 📓 Journal, Diary & Notes Journal Reflect, express & grow with beautifully designed journaling templates for every mood. Diary Record your personal experiences, thoughts & memories with a personal diary. Notes Jot down ideas, plans & reminders instantly with structured and free-form notes. Bullet Journal & BuJo Plan, track & reflect your way with a fully flexible and creative bullet journal (BuJo) system. Affirmation Journal Start each day with positivity using a dedicated affirmation journal. Gratitude Journal Cultivate daily thankfulness and positivity with a gratitude journal. Mindfulness Journal Stay present and grounded every day with a mindfulness journal. Dream Journal Record and reflect on your dreams every morning with a dream journal. 🧠 ADHD Planner & Focus Tools ADHD Planner Specially designed ADHD planner templates to help you stay focused, calm & organized. Routine Planner Build structure into your day with simple, visual routine planner templates. Habit Tracker Build powerful habits and break bad ones with a visual habit tracker. Self Care Planner Prioritize your well-being and mental health with a self care planner. 🎨 Aesthetic Templates & Stickers Planner Stickers Decorate and personalize your planner with 1,000+ aesthetic planner stickers. Aesthetic Planner Choose from cute, minimalist & aesthetic planner templates for every style. Cute Planner Make planning fun and beautiful with cute planner templates. Minimalist Planner Keep it clean and simple with elegant minimalist planner templates. 🔓 Planwiz Premium - Unlock full access to all premium planner templates, bullet journals & digital planners. 📌 Subscription Details Payment is charged to your Google Play Account upon purchase confirmation. Subscription auto-renews unless cancelled 24 hours before the billing period ends — manage anytime via Google Play Account settings. 📥 Download Planwiz — Daily Planner, Journal & To Do List App Now! Whether you need a daily planner, to do list, journal, diary, notes, schedule planner, calendar planner, bullet journal, BuJo, rout",play_store_snapshot,high,Payments / monetization
notion_android,Notion,Android,,2026-05-05,New Custom Agent controls for admins,feature_signal,low,Other
notion_android,Notion,Android,,2026-05-04,A new home on mobile,feature_signal,low,Other
notion_android,Notion,Android,,2026-05-01,Add Custom Agents to private Slack channels,feature_signal,low,Other
notion_android,Notion,Android,,2026-04-27,"Rollups now as currency, percent, and more",feature_signal,low,Other
notion_android,Notion,Android,,2026-04-24,Find pages faster from the breadcrumb,feature_signal,low,Other
notion_android,Notion,Android,,2026-04-17,"Mail & Calendar, now in your settings",feature_signal,low,Other
notion_android,Notion,Android,4.7,2026-04-16,"Opus 4.7, now in Notion",developer_changelog,medium,Other
notion_android,Notion,Android,,2026-04-15,Schedule meetings with Notion Agent,feature_signal,low,Other
notion_android,Notion,Android,3.4,2026-04-14,"Notion 3.4, part 2",developer_changelog,medium,Other
notion_android,Notion,Android,,2026-04-10,Customize your tabs in databases,feature_signal,low,Other
notion_android,Notion,Android,,2026-04-09,New page cover art from timeless collections,feature_signal,low,Other
notion_android,Notion,Android,,2026-04-08,Mute discussion replies,feature_signal,low,Other
notion_android,Notion,Android,,2026-04-07,Share Notion AI chats as a link,feature_signal,low,AI-related features
notion_android,Notion,Android,,2026-04-06,Voice input on desktop,feature_signal,low,Other
notion_android,Notion,Android,,2026-03-30,Keep pages tidy with tabs,feature_signal,low,Other
notion_android,Notion,Android,,2026-03-27,Archive outdated pages to keep your workspace fresh,feature_signal,low,Other
notion_android,Notion,Android,3.4,2026-03-26,"Notion 3.4, part 1",developer_changelog,medium,Other
notion_android,Notion,Android,,2026-03-20,Custom skills for Notion AI,feature_signal,low,AI-related features
notion_android,Notion,Android,,2026-03-19,"Notion Academy & certifications, in 6 new languages",feature_signal,low,Other
notion_android,Notion,Android,,2026-03-18,Custom instructions for AI Meeting Notes,feature_signal,low,AI-related features
notion_android,Notion,Android,,2026-03-12,New consent controls for AI Meeting Notes,feature_signal,low,AI-related features
notion_android,Notion,Android,,2026-03-11,"Search Salesforce accounts, leads, opportunities, and contacts in Notion",feature_signal,low,Other
notion_android,Notion,Android,,2026-03-10,Visualize progress with dashboard views,feature_signal,low,Other
notion_android,Notion,Android,,2026-03-09,Generate images with Notion AI,feature_signal,low,AI-related features
notion_android,Notion,Android,5.4,2026-03-06,GPT-5.4 is now in Notion,developer_changelog,medium,AI-related features
notion_android,Notion,Android,,2026-03-05,New “can create pages” database permission,feature_signal,low,Other
notion_android,Notion,Android,,2026-03-03,Run Custom Agents for less with MiniMax M2.5,feature_signal,low,Other
notion_android,Notion,Android,,2026-03-02,Present any Notion page,feature_signal,low,Other
notion_android,Notion,Android,3.3,2026-02-24,Notion 3.3: Custom Agents,developer_changelog,medium,Other
notion_android,Notion,Android,,2026-02-18,A home for everything in Library,feature_signal,low,Other
notion_android,Notion,Android,4.6,2026-02-09,"Claude Opus 4.6, now in Notion",developer_changelog,medium,AI-related features
notion_android,Notion,Android,,2026-02-04,Search your Asana tasks and projects from Notion,feature_signal,low,Other
notion_android,Notion,Android,3.2,2026-01-20,"Notion 3.2: Mobile AI, new models, people directory",developer_changelog,medium,AI-related features
notion_android,Notion,Android,,2025-12-03,Agent can build forms,feature_signal,low,Other
notion_android,Notion,Android,,2025-11-19,Gemini 3 Pro is live,feature_signal,low,AI-related features
notion_android,Notion,Android,3.1,2025-11-17,Notion 3.1,developer_changelog,medium,Other
notion_android,Notion,Android,,2025-11-14,Page discussions in one place,feature_signal,low,Other
notion_android,Notion,Android,,2025-11-10,Agent now reads CSVs,feature_signal,low,Other
notion_android,Notion,Android,3.0,2025-09-18,Notion 3.0: Agents,developer_changelog,medium,Other
notion_android,Notion,Android,2.53,2025-08-19,Notion 2.53: Offline mode,developer_changelog,medium,New product feature
notion_android,Notion,Android,,2025-07-22,"Notion in Indonesian, Thai, and Vietnamese",feature_signal,low,Other
notion_android,Notion,Android,2.52,2025-07-10,Notion 2.52: Everything is database,developer_changelog,medium,Other
notion_android,Notion,Android,2.51,2025-05-13,"Notion 2.51: AI Meeting Notes, Enterprise Search & more",developer_changelog,medium,AI-related features
notion_android,Notion,Android,2.50,2025-04-15,Notion 2.50: Meet Notion Mail,developer_changelog,medium,Other
notion_android,Notion,Android,2.49,2025-03-26,"Notion 2.49: Page verification, Notion Forms with conditional logic, and more!",developer_changelog,medium,Other
notion_android,Notion,Android,2.48,2025-02-18,"Notion 2.48: Set up Notion in one click, Calendar updates, and more",developer_changelog,medium,Other
notion_android,Notion,Android,2.47,2024-12-05,"2.47: More automations, answers from GitHub, and easy Calendar scheduling",developer_changelog,medium,Other
notion_android,Notion,Android,2.46,2024-10-24,"Notion 2.46: Forms, Mail, layouts, new automations, and more!",developer_changelog,medium,Other
notion_android,Notion,Android,2.45,2024-09-25,Notion 2.45: Meet the new Notion AI,developer_changelog,medium,AI-related features
notion_android,Notion,Android,2.44,2024-08-13,Notion 2.44: Introducing charts + a sneak peek at forms,developer_changelog,medium,New product feature
notion_android,Notion,Android,2.43,2024-07-29,Notion 2.43: Suggested edits + new Notion AI features,developer_changelog,medium,AI-related features
notion_android,Notion,Android,,2024-07-17,Notion Calendar is now on Android,feature_signal,low,Other
notion_android,Notion,Android,,2024-06-26,Upcoming changes coming to our Plus plan,feature_signal,low,Other
notion_android,Notion,Android,2.42,2024-06-25,Notion 2.42: Introducing Notion Sites,developer_changelog,medium,New product feature
notion_android,Notion,Android,2.41,2024-06-18,"Notion 2.41: Notion AI now with Slack, GPT-4, and more!",developer_changelog,medium,AI-related features
notion_android,Notion,Android,2.40,2024-06-11,"Notion 2.40: Home with calendar, navigate content, and organize your sidebar",developer_changelog,medium,Other
notion_android,Notion,Android,2.39,2024-04-30,Notion 2.39: Improving the basics,developer_changelog,medium,Other
notion_android,Notion,Android,2.38,2024-02-26,Notion 2.38: Home,developer_changelog,medium,Other
notion_android,Notion,Android,2.37,2024-01-17,Notion 2.37: Notion Calendar,developer_changelog,medium,Other
notion_android,Notion,Android,2.36,2023-12-20,"Notion 2.36: speed improvements, better search, and upgrades to web publishing",developer_changelog,medium,Other
notion_android,Notion,Android,2.35,2023-11-14,Notion 2.35: Introducing Q&A by Notion AI (now in beta),developer_changelog,medium,AI-related features
notion_android,Notion,Android,2.34,2023-11-07,Notion 2.34: new enterprise features and languages,developer_changelog,medium,Other
notion_android,Notion,Android,2.33,2023-09-22,Notion 2.33: Automate workflows,developer_changelog,medium,Other
notion_android,Notion,Android,2.32,2023-08-08,"Notion 2.32: new features for project management, AI, and more",developer_changelog,medium,AI-related features
notion_android,Notion,Android,2.30,2023-05-31,Notion 2.30: Project Management,developer_changelog,medium,Other
notion_android,Notion,Android,,2023-04-28,Notion in Spanish and Portuguese,feature_signal,low,Other
notion_android,Notion,Android,2.23,2023-04-27,Notion 2.23: Slack integration 2.0 + wiki page verification,developer_changelog,medium,SDK / API / developer integration
notion_android,Notion,Android,2.22,2023-03-23,Notion 2.22: Buttons to automate manual tasks,developer_changelog,medium,Other
notion_android,Notion,Android,2.21,2023-02-22,"Notion 2.21: Notion AI, for everyone",developer_changelog,medium,AI-related features
notion_android,Notion,Android,2.20,2023-02-09,"Notion 2.20, now with page and workspace analytics",developer_changelog,medium,Other
notion_android,Notion,Android,2.19,2022-12-15,"Notion 2.19, now with subtasks & dependencies",developer_changelog,medium,Other
notion_android,Notion,Android,,2022-12-13,Notion in German,feature_signal,low,Other
notion_android,Notion,Android,,2022-12-07,Expanded Free Plan & new Business Plan,feature_signal,low,Other
notion_android,Notion,Android,,2022-11-17,Notion AI + templates to build out your workspace,feature_signal,low,AI-related features
notion_android,Notion,Android,,2022-11-08,"Recurring tasks, meeting notes, and updates",feature_signal,low,Other
notion_android,Notion,Android,,2022-10-27,"New connections to Box, Lucid, and more – bringing additional context and transparency to Notion",feature_signal,low,Other
notion_android,Notion,Android,,2022-10-12,Public pages that automatically expire and more,feature_signal,low,Other
notion_android,Notion,Android,,2022-09-13,More improvements to editing,feature_signal,low,Other
notion_android,Notion,Android,2.18,2022-08-29,"Notion 2.18, now with teamspaces",developer_changelog,medium,Other
notion_android,Notion,Android,,2022-08-25,Easier database editing & more,feature_signal,low,Other
notion_android,Notion,Android,,2022-08-11,"Comment reactions, progress bars & more",feature_signal,low,Other
notion_android,Notion,Android,,2022-07-20,"Faster mobile apps, database side peek & more",feature_signal,low,Other
notion_android,Notion,Android,2.17,2022-06-29,"Notion 2.17, now with Synced Databases, status property & more",developer_changelog,medium,Other
notion_android,Notion,Android,,2022-05-10,"New API, integrations & link previews",feature_signal,low,SDK / API / developer integration
notion_android,Notion,Android,,2022-05-03,Easier relation property setup,feature_signal,low,Other
notion_android,Notion,Android,,2022-04-19,"Link previews for Figma, Dropbox & more",feature_signal,low,Other
notion_android,Notion,Android,2.16,2022-04-14,"Notion 2.16, now with faster databases",developer_changelog,medium,Other
notion_android,Notion,Android,2.15,2022-03-15,"Notion 2.15, now with better databases",developer_changelog,medium,Other
notion_android,Notion,Android,,2022-03-03,Connect your tools with the API 🧰,feature_signal,low,SDK / API / developer integration
notion_android,Notion,Android,,2022-02-15,Notion in French 🇫🇷🎊,feature_signal,low,Other
notion_android,Notion,Android,,2022-02-08,New database permissions 🔒,feature_signal,low,Other
notion_android,Notion,Android,,2022-01-19,Better text editing & copy/paste ⌨️,feature_signal,low,Other
notion_android,Notion,Android,,2021-12-23,Hack week 👩🏼‍💻👨🏿‍💻🧑🏽‍💻,feature_signal,low,Other
notion_android,Notion,Android,2.14,2021-11-16,"Notion 2.14, now with simple tables 🏓",developer_changelog,medium,Other
notion_android,Notion,Android,,2021-11-02,Link previews 🔗,feature_signal,low,Other
notion_android,Notion,Android,2.13,2021-10-19,"Notion 2.13, now with database groups & sub-groups 🍱",developer_changelog,medium,Other
notion_android,Notion,Android,,2021-10-12,Notion in Japanese 🇯🇵,feature_signal,low,Other
notion_android,Notion,Android,2.12,2021-09-21,"Notion 2.12, now with better comments 💬",developer_changelog,medium,Other
notion_android,Notion,Android,,2021-09-08,Acquiring Automate.io,feature_signal,low,Other
notion_android,Notion,Android,,2021-08-24,Tactiq integration,feature_signal,low,SDK / API / developer integration
duolingo_ios,Duolingo,iOS,7.121.0,2026-05-05,Not available,app_store_web,high,Other
duolingo_ios,Duolingo,iOS,7.120.1,2026-04-29,Not available,app_store_web,high,Other
duolingo_ios,Duolingo,iOS,7.120.0,2026-04-28,Not available,app_store_web,high,Other
duolingo_ios,Duolingo,iOS,7.119.0,2026-04-21,Not available,app_store_web,high,Other
duolingo_ios,Duolingo,iOS,7.118.1,2026-04-14,Not available,app_store_web,high,Other
duolingo_ios,Duolingo,iOS,7.118.0,2026-04-13,Not available,app_store_web,high,Other
duolingo_ios,Duolingo,iOS,7.116.0,2026-03-30,Not available,app_store_web,high,Other
duolingo_ios,Duolingo,iOS,7.115.0,2026-03-23,Not available,app_store_web,high,Other
duolingo_ios,Duolingo,iOS,7.114.1,2026-03-17,Not available,app_store_web,high,Other
duolingo_ios,Duolingo,iOS,7.114.0,2026-03-16,Not available,app_store_web,high,Other
duolingo_ios,Duolingo,iOS,7.113.0,2026-03-10,Not available,app_store_web,high,Other
duolingo_ios,Duolingo,iOS,7.112.1,2026-03-03,Not available,app_store_web,high,Other
duolingo_ios,Duolingo,iOS,7.112.0,2026-03-02,Not available,app_store_web,high,Other
duolingo_ios,Duolingo,iOS,7.111.0,2026-02-24,Not available,app_store_web,high,Other
duolingo_ios,Duolingo,iOS,7.110.0,2026-02-17,Not available,app_store_web,high,Other
duolingo_ios,Duolingo,iOS,7.109.0,2026-02-09,Not available,app_store_web,high,Other
duolingo_ios,Duolingo,iOS,7.108.1,2026-02-04,Not available,app_store_web,high,Other
duolingo_ios,Duolingo,iOS,7.108.0,2026-02-02,Not available,app_store_web,high,Other
duolingo_ios,Duolingo,iOS,7.107.2,2026-01-27,Not available,app_store_web,high,Other
duolingo_ios,Duolingo,iOS,7.107.0,2026-01-26,Not available,app_store_web,high,Other
duolingo_ios,Duolingo,iOS,7.106.0,2026-01-21,Not available,app_store_web,high,Other
duolingo_ios,Duolingo,iOS,7.105.0,2026-01-12,Not available,app_store_web,high,Other
duolingo_ios,Duolingo,iOS,7.104.1,2026-01-10,Not available,app_store_web,high,Other
duolingo_ios,Duolingo,iOS,7.104.0,2026-01-05,Not available,app_store_web,high,Other
duolingo_ios,Duolingo,iOS,7.103.0,2025-12-15,Not available,app_store_web,high,Other
duolingo_android,Duolingo,Android,,2026-05-04,Not available,play_store_snapshot,high,Other
duolingo_android,Duolingo,Android,,2014-09-03,"""Does it work?"" Like anything else only if you put in the time. I've learned the building blocks for two new languages from Duo to basic proficiency that could be improved with immersion and live practice. Could be better at highlighting its lessons (tips) that prepare you to enter each level. Update 10/7: Most recent update limits you to 5 mistakes per day which is punitive and counterintuitive to education. Was trying to get some family members on it but this is a non starter.",wayback_snapshot,medium,Other
duolingo_android,Duolingo,Android,,2026-05-05,How Duolingo teaches listening skills Learn how to get the most out of Duolingo’s listening exercises!,feature_signal,low,Other
duolingo_android,Duolingo,Android,,2026-04-30,How to actually say “you” in Japanese Learn the different ways Japanese speakers address somebody directly.,feature_signal,low,Other
duolingo_android,Duolingo,Android,,2026-04-28,"Dear Duolingo: How can I learn Chinese tones? If tones in Chinese have left you discouraged, this guide is for you!",feature_signal,low,Personalization / recommendations
duolingo_android,Duolingo,Android,,2026-04-27,"What makes Arabic hard (and why that shouldn’t stop you from learning it) Arabic is challenging, but it opens a rich world of culture and connection!",feature_signal,low,Other
duolingo_android,Duolingo,Android,,2026-04-23,25+ ways to say “goodbye” in English It’s hard to say goodbye… but it’s easier when you have the right words for it!,feature_signal,low,Other
duolingo_android,Duolingo,Android,,2026-04-22,Go further with Duolingo: Our top courses now teach advanced content See where our nine newly-expanded courses can take you!,feature_signal,low,Other
duolingo_android,Duolingo,Android,,2026-04-21,7 global hotspots for chess superfans Ready to make some moves—off the chess board? 🌍,feature_signal,low,Other
duolingo_android,Duolingo,Android,,2026-04-20,Practice hack: Change your phone’s language and level up your learning This simple switch is a great way to improve your language skills!,feature_signal,low,Other
duolingo_android,Duolingo,Android,,2026-04-16,Spot the difference: Japanese loanwords with a twist Make sure to take a closer look at these words! 🔍,feature_signal,low,Other
duolingo_android,Duolingo,Android,,2026-04-15,Seeing the future: frontend prediction in Duolingo’s mobile app Learn how we use frontend prediction to reduce latency and support offline use.,feature_signal,low,New product feature
duolingo_android,Duolingo,Android,,2026-04-14,"Dear Duolingo: Is it too late to become fluent? Kids are great language learners, but what about the rest of us?",feature_signal,low,Other
duolingo_android,Duolingo,Android,,2026-04-09,How to pick your next chess move Feeling stuck? We’ve got you covered!,feature_signal,low,Other
duolingo_android,Duolingo,Android,,2026-04-07,How to use context clues while traveling Traveling isn’t about memorizing tricky verbs. It’s about noticing what’s around you!,feature_signal,low,Other
duolingo_android,Duolingo,Android,,2026-04-02,Everything you need to know about Italian pronunciation Italian pronunciation is easier than you might think—especially with this handy guide!,feature_signal,low,Other
duolingo_android,Duolingo,Android,,2026-04-01,How many words does it take to say “no” in Japanese? Learn the gentle ways Japanese speakers turn down requests.,feature_signal,low,Other
